-- MySQL dump 10.13  Distrib 5.7.19, for Linux (x86_64)
--
-- Host: localhost    Database: dc_mon
-- ------------------------------------------------------
-- Server version	5.7.19-0ubuntu0.17.04.1

/*!40101 SET @OLD_CHARACTER_SET_CLIENT=@@CHARACTER_SET_CLIENT */;
/*!40101 SET @OLD_CHARACTER_SET_RESULTS=@@CHARACTER_SET_RESULTS */;
/*!40101 SET @OLD_COLLATION_CONNECTION=@@COLLATION_CONNECTION */;
/*!40101 SET NAMES utf8 */;
/*!40103 SET @OLD_TIME_ZONE=@@TIME_ZONE */;
/*!40103 SET TIME_ZONE='+00:00' */;
/*!40014 SET @OLD_UNIQUE_CHECKS=@@UNIQUE_CHECKS, UNIQUE_CHECKS=0 */;
/*!40014 SET @OLD_FOREIGN_KEY_CHECKS=@@FOREIGN_KEY_CHECKS, FOREIGN_KEY_CHECKS=0 */;
/*!40101 SET @OLD_SQL_MODE=@@SQL_MODE, SQL_MODE='NO_AUTO_VALUE_ON_ZERO' */;
/*!40111 SET @OLD_SQL_NOTES=@@SQL_NOTES, SQL_NOTES=0 */;

--
-- Table structure for table `logs`
--

DROP TABLE IF EXISTS `logs`;
/*!40101 SET @saved_cs_client     = @@character_set_client */;
/*!40101 SET character_set_client = utf8 */;
CREATE TABLE `logs` (
  `id` int(10) unsigned NOT NULL AUTO_INCREMENT,
  `sensor_id` int(11) NOT NULL,
  `param_id` int(11) NOT NULL,
  `value` decimal(8,2) NOT NULL,
  `created_at` timestamp NULL DEFAULT NULL,
  `updated_at` timestamp NULL DEFAULT NULL,
  PRIMARY KEY (`id`)
) ENGINE=InnoDB AUTO_INCREMENT=253 DEFAULT CHARSET=utf8mb4 COLLATE=utf8mb4_unicode_ci;
/*!40101 SET character_set_client = @saved_cs_client */;

--
-- Dumping data for table `logs`
--

LOCK TABLES `logs` WRITE;
/*!40000 ALTER TABLE `logs` DISABLE KEYS */;
INSERT INTO `logs` VALUES (1,1,1,26.60,'2017-09-07 20:52:46','2017-09-07 20:52:46'),(2,1,2,20.90,'2017-09-07 20:52:46','2017-09-07 20:52:46'),(3,1,3,26.90,'2017-09-07 20:52:46','2017-09-07 20:52:46'),(4,2,1,23.30,'2017-09-07 20:52:46','2017-09-07 20:52:46'),(5,2,2,27.30,'2017-09-07 20:52:46','2017-09-07 20:52:46'),(6,2,3,22.90,'2017-09-07 20:52:46','2017-09-07 20:52:46'),(7,1,1,22.70,'2017-09-07 20:52:59','2017-09-07 20:52:59'),(8,1,2,30.70,'2017-09-07 20:52:59','2017-09-07 20:52:59'),(9,1,3,32.40,'2017-09-07 20:52:59','2017-09-07 20:52:59'),(10,2,1,18.80,'2017-09-07 20:52:59','2017-09-07 20:52:59'),(11,2,2,24.70,'2017-09-07 20:52:59','2017-09-07 20:52:59'),(12,2,3,25.80,'2017-09-07 20:52:59','2017-09-07 20:52:59'),(13,1,1,24.60,'2017-09-07 20:53:01','2017-09-07 20:53:01'),(14,1,2,26.00,'2017-09-07 20:53:01','2017-09-07 20:53:01'),(15,1,3,27.30,'2017-09-07 20:53:01','2017-09-07 20:53:01'),(16,2,1,24.20,'2017-09-07 20:53:01','2017-09-07 20:53:01'),(17,2,2,28.30,'2017-09-07 20:53:01','2017-09-07 20:53:01'),(18,2,3,18.70,'2017-09-07 20:53:01','2017-09-07 20:53:01'),(19,1,1,19.30,'2017-09-07 20:53:02','2017-09-07 20:53:02'),(20,1,2,19.70,'2017-09-07 20:53:02','2017-09-07 20:53:02'),(21,1,3,31.70,'2017-09-07 20:53:02','2017-09-07 20:53:02'),(22,2,1,31.70,'2017-09-07 20:53:02','2017-09-07 20:53:02'),(23,2,2,16.10,'2017-09-07 20:53:02','2017-09-07 20:53:02'),(24,2,3,26.00,'2017-09-07 20:53:02','2017-09-07 20:53:02'),(25,1,1,16.80,'2017-09-07 20:53:03','2017-09-07 20:53:03'),(26,1,2,18.10,'2017-09-07 20:53:03','2017-09-07 20:53:03'),(27,1,3,27.60,'2017-09-07 20:53:03','2017-09-07 20:53:03'),(28,2,1,22.30,'2017-09-07 20:53:03','2017-09-07 20:53:03'),(29,2,2,29.50,'2017-09-07 20:53:03','2017-09-07 20:53:03'),(30,2,3,21.70,'2017-09-07 20:53:03','2017-09-07 20:53:03'),(31,1,1,21.60,'2017-09-07 20:53:04','2017-09-07 20:53:04'),(32,1,2,22.80,'2017-09-07 20:53:04','2017-09-07 20:53:04'),(33,1,3,19.10,'2017-09-07 20:53:04','2017-09-07 20:53:04'),(34,2,1,20.70,'2017-09-07 20:53:05','2017-09-07 20:53:05'),(35,2,2,31.60,'2017-09-07 20:53:05','2017-09-07 20:53:05'),(36,2,3,30.90,'2017-09-07 20:53:05','2017-09-07 20:53:05'),(37,1,1,30.20,'2017-09-07 20:53:06','2017-09-07 20:53:06'),(38,1,2,23.10,'2017-09-07 20:53:06','2017-09-07 20:53:06'),(39,1,3,16.00,'2017-09-07 20:53:06','2017-09-07 20:53:06'),(40,2,1,24.30,'2017-09-07 20:53:06','2017-09-07 20:53:06'),(41,2,2,30.70,'2017-09-07 20:53:06','2017-09-07 20:53:06'),(42,2,3,25.40,'2017-09-07 20:53:06','2017-09-07 20:53:06'),(43,1,1,20.60,'2017-09-07 20:53:07','2017-09-07 20:53:07'),(44,1,2,18.70,'2017-09-07 20:53:07','2017-09-07 20:53:07'),(45,1,3,16.70,'2017-09-07 20:53:07','2017-09-07 20:53:07'),(46,2,1,20.70,'2017-09-07 20:53:07','2017-09-07 20:53:07'),(47,2,2,31.80,'2017-09-07 20:53:07','2017-09-07 20:53:07'),(48,2,3,30.60,'2017-09-07 20:53:07','2017-09-07 20:53:07'),(49,1,1,21.30,'2017-09-07 20:53:08','2017-09-07 20:53:08'),(50,1,2,23.30,'2017-09-07 20:53:08','2017-09-07 20:53:08'),(51,1,3,26.80,'2017-09-07 20:53:08','2017-09-07 20:53:08'),(52,2,1,25.50,'2017-09-07 20:53:08','2017-09-07 20:53:08'),(53,2,2,20.10,'2017-09-07 20:53:08','2017-09-07 20:53:08'),(54,2,3,21.30,'2017-09-07 20:53:08','2017-09-07 20:53:08'),(55,1,1,19.30,'2017-09-07 20:53:09','2017-09-07 20:53:09'),(56,1,2,18.90,'2017-09-07 20:53:09','2017-09-07 20:53:09'),(57,1,3,21.60,'2017-09-07 20:53:09','2017-09-07 20:53:09'),(58,2,1,32.00,'2017-09-07 20:53:09','2017-09-07 20:53:09'),(59,2,2,26.30,'2017-09-07 20:53:09','2017-09-07 20:53:09'),(60,2,3,25.30,'2017-09-07 20:53:09','2017-09-07 20:53:09'),(61,1,1,23.80,'2017-09-07 20:53:10','2017-09-07 20:53:10'),(62,1,2,19.30,'2017-09-07 20:53:10','2017-09-07 20:53:10'),(63,1,3,22.50,'2017-09-07 20:53:10','2017-09-07 20:53:10'),(64,2,1,29.00,'2017-09-07 20:53:10','2017-09-07 20:53:10'),(65,2,2,18.30,'2017-09-07 20:53:11','2017-09-07 20:53:11'),(66,2,3,21.00,'2017-09-07 20:53:11','2017-09-07 20:53:11'),(67,1,1,32.70,'2017-09-07 20:53:11','2017-09-07 20:53:11'),(68,1,2,23.70,'2017-09-07 20:53:12','2017-09-07 20:53:12'),(69,1,3,23.30,'2017-09-07 20:53:12','2017-09-07 20:53:12'),(70,2,1,19.40,'2017-09-07 20:53:12','2017-09-07 20:53:12'),(71,2,2,22.60,'2017-09-07 20:53:12','2017-09-07 20:53:12'),(72,2,3,29.30,'2017-09-07 20:53:12','2017-09-07 20:53:12'),(73,1,1,29.30,'2017-09-07 20:53:13','2017-09-07 20:53:13'),(74,1,2,23.40,'2017-09-07 20:53:13','2017-09-07 20:53:13'),(75,1,3,27.80,'2017-09-07 20:53:13','2017-09-07 20:53:13'),(76,2,1,30.60,'2017-09-07 20:53:13','2017-09-07 20:53:13'),(77,2,2,28.20,'2017-09-07 20:53:13','2017-09-07 20:53:13'),(78,2,3,28.90,'2017-09-07 20:53:13','2017-09-07 20:53:13'),(79,1,1,19.00,'2017-09-07 20:53:15','2017-09-07 20:53:15'),(80,1,2,30.20,'2017-09-07 20:53:15','2017-09-07 20:53:15'),(81,1,3,20.90,'2017-09-07 20:53:15','2017-09-07 20:53:15'),(82,2,1,25.80,'2017-09-07 20:53:15','2017-09-07 20:53:15'),(83,2,2,21.60,'2017-09-07 20:53:15','2017-09-07 20:53:15'),(84,2,3,29.70,'2017-09-07 20:53:15','2017-09-07 20:53:15'),(85,1,1,17.80,'2017-09-07 20:53:16','2017-09-07 20:53:16'),(86,1,2,17.30,'2017-09-07 20:53:16','2017-09-07 20:53:16'),(87,1,3,18.40,'2017-09-07 20:53:16','2017-09-07 20:53:16'),(88,2,1,16.60,'2017-09-07 20:53:16','2017-09-07 20:53:16'),(89,2,2,29.40,'2017-09-07 20:53:16','2017-09-07 20:53:16'),(90,2,3,23.70,'2017-09-07 20:53:16','2017-09-07 20:53:16'),(91,1,1,24.70,'2017-09-07 20:53:17','2017-09-07 20:53:17'),(92,1,2,20.70,'2017-09-07 20:53:18','2017-09-07 20:53:18'),(93,1,3,26.20,'2017-09-07 20:53:18','2017-09-07 20:53:18'),(94,2,1,21.80,'2017-09-07 20:53:18','2017-09-07 20:53:18'),(95,2,2,21.10,'2017-09-07 20:53:18','2017-09-07 20:53:18'),(96,2,3,17.70,'2017-09-07 20:53:18','2017-09-07 20:53:18'),(97,1,1,19.00,'2017-09-07 20:53:19','2017-09-07 20:53:19'),(98,1,2,28.20,'2017-09-07 20:53:19','2017-09-07 20:53:19'),(99,1,3,18.60,'2017-09-07 20:53:19','2017-09-07 20:53:19'),(100,2,1,23.10,'2017-09-07 20:53:19','2017-09-07 20:53:19'),(101,2,2,17.90,'2017-09-07 20:53:19','2017-09-07 20:53:19'),(102,2,3,31.70,'2017-09-07 20:53:19','2017-09-07 20:53:19'),(103,1,1,18.00,'2017-09-07 20:53:20','2017-09-07 20:53:20'),(104,1,2,23.20,'2017-09-07 20:53:20','2017-09-07 20:53:20'),(105,1,3,17.70,'2017-09-07 20:53:20','2017-09-07 20:53:20'),(106,2,1,17.50,'2017-09-07 20:53:20','2017-09-07 20:53:20'),(107,2,2,20.90,'2017-09-07 20:53:20','2017-09-07 20:53:20'),(108,2,3,23.20,'2017-09-07 20:53:20','2017-09-07 20:53:20'),(109,1,1,30.20,'2017-09-07 20:53:21','2017-09-07 20:53:21'),(110,1,2,21.10,'2017-09-07 20:53:21','2017-09-07 20:53:21'),(111,1,3,32.10,'2017-09-07 20:53:21','2017-09-07 20:53:21'),(112,2,1,20.40,'2017-09-07 20:53:21','2017-09-07 20:53:21'),(113,2,2,24.30,'2017-09-07 20:53:21','2017-09-07 20:53:21'),(114,2,3,25.70,'2017-09-07 20:53:21','2017-09-07 20:53:21'),(115,1,1,24.60,'2017-09-07 20:53:23','2017-09-07 20:53:23'),(116,1,2,18.00,'2017-09-07 20:53:23','2017-09-07 20:53:23'),(117,1,3,26.00,'2017-09-07 20:53:23','2017-09-07 20:53:23'),(118,2,1,20.90,'2017-09-07 20:53:23','2017-09-07 20:53:23'),(119,2,2,24.10,'2017-09-07 20:53:23','2017-09-07 20:53:23'),(120,2,3,20.40,'2017-09-07 20:53:23','2017-09-07 20:53:23'),(121,1,1,29.00,'2017-09-07 20:53:24','2017-09-07 20:53:24'),(122,1,2,21.30,'2017-09-07 20:53:24','2017-09-07 20:53:24'),(123,1,3,27.80,'2017-09-07 20:53:24','2017-09-07 20:53:24'),(124,2,1,18.80,'2017-09-07 20:53:25','2017-09-07 20:53:25'),(125,2,2,27.20,'2017-09-07 20:53:25','2017-09-07 20:53:25'),(126,2,3,29.70,'2017-09-07 20:53:25','2017-09-07 20:53:25'),(127,1,1,22.70,'2017-09-07 20:53:26','2017-09-07 20:53:26'),(128,1,2,21.80,'2017-09-07 20:53:26','2017-09-07 20:53:26'),(129,1,3,17.10,'2017-09-07 20:53:26','2017-09-07 20:53:26'),(130,2,1,23.00,'2017-09-07 20:53:26','2017-09-07 20:53:26'),(131,2,2,16.90,'2017-09-07 20:53:26','2017-09-07 20:53:26'),(132,2,3,27.80,'2017-09-07 20:53:26','2017-09-07 20:53:26'),(133,1,1,27.10,'2017-09-07 20:53:27','2017-09-07 20:53:27'),(134,1,2,22.40,'2017-09-07 20:53:27','2017-09-07 20:53:27'),(135,1,3,21.00,'2017-09-07 20:53:27','2017-09-07 20:53:27'),(136,2,1,21.90,'2017-09-07 20:53:27','2017-09-07 20:53:27'),(137,2,2,29.50,'2017-09-07 20:53:27','2017-09-07 20:53:27'),(138,2,3,22.40,'2017-09-07 20:53:27','2017-09-07 20:53:27'),(139,1,1,22.90,'2017-09-07 20:53:28','2017-09-07 20:53:28'),(140,1,2,25.50,'2017-09-07 20:53:28','2017-09-07 20:53:28'),(141,1,3,21.00,'2017-09-07 20:53:28','2017-09-07 20:53:28'),(142,2,1,18.80,'2017-09-07 20:53:28','2017-09-07 20:53:28'),(143,2,2,29.30,'2017-09-07 20:53:28','2017-09-07 20:53:28'),(144,2,3,33.00,'2017-09-07 20:53:28','2017-09-07 20:53:28'),(145,1,1,18.60,'2017-09-07 20:53:29','2017-09-07 20:53:29'),(146,1,2,16.10,'2017-09-07 20:53:29','2017-09-07 20:53:29'),(147,1,3,25.00,'2017-09-07 20:53:30','2017-09-07 20:53:30'),(148,2,1,18.40,'2017-09-07 20:53:30','2017-09-07 20:53:30'),(149,2,2,28.80,'2017-09-07 20:53:30','2017-09-07 20:53:30'),(150,2,3,20.90,'2017-09-07 20:53:30','2017-09-07 20:53:30'),(151,1,1,31.80,'2017-09-07 20:53:31','2017-09-07 20:53:31'),(152,1,2,22.80,'2017-09-07 20:53:31','2017-09-07 20:53:31'),(153,1,3,17.00,'2017-09-07 20:53:31','2017-09-07 20:53:31'),(154,2,1,25.50,'2017-09-07 20:53:31','2017-09-07 20:53:31'),(155,2,2,23.20,'2017-09-07 20:53:31','2017-09-07 20:53:31'),(156,2,3,31.90,'2017-09-07 20:53:31','2017-09-07 20:53:31'),(157,1,1,31.70,'2017-09-07 20:53:32','2017-09-07 20:53:32'),(158,1,2,16.40,'2017-09-07 20:53:32','2017-09-07 20:53:32'),(159,1,3,21.20,'2017-09-07 20:53:32','2017-09-07 20:53:32'),(160,2,1,20.80,'2017-09-07 20:53:32','2017-09-07 20:53:32'),(161,2,2,23.50,'2017-09-07 20:53:32','2017-09-07 20:53:32'),(162,2,3,31.10,'2017-09-07 20:53:32','2017-09-07 20:53:32'),(163,1,1,32.60,'2017-09-07 20:53:33','2017-09-07 20:53:33'),(164,1,2,23.70,'2017-09-07 20:53:33','2017-09-07 20:53:33'),(165,1,3,26.60,'2017-09-07 20:53:33','2017-09-07 20:53:33'),(166,2,1,30.80,'2017-09-07 20:53:33','2017-09-07 20:53:33'),(167,2,2,30.00,'2017-09-07 20:53:33','2017-09-07 20:53:33'),(168,2,3,18.10,'2017-09-07 20:53:33','2017-09-07 20:53:33'),(169,1,1,31.30,'2017-09-07 20:53:35','2017-09-07 20:53:35'),(170,1,2,21.10,'2017-09-07 20:53:35','2017-09-07 20:53:35'),(171,1,3,30.60,'2017-09-07 20:53:35','2017-09-07 20:53:35'),(172,2,1,16.30,'2017-09-07 20:53:36','2017-09-07 20:53:36'),(173,2,2,24.80,'2017-09-07 20:53:36','2017-09-07 20:53:36'),(174,2,3,18.10,'2017-09-07 20:53:36','2017-09-07 20:53:36'),(175,1,1,28.00,'2017-09-07 20:53:37','2017-09-07 20:53:37'),(176,1,2,31.70,'2017-09-07 20:53:37','2017-09-07 20:53:37'),(177,1,3,24.30,'2017-09-07 20:53:37','2017-09-07 20:53:37'),(178,2,1,21.30,'2017-09-07 20:53:37','2017-09-07 20:53:37'),(179,2,2,19.30,'2017-09-07 20:53:37','2017-09-07 20:53:37'),(180,2,3,16.10,'2017-09-07 20:53:37','2017-09-07 20:53:37'),(181,1,1,26.10,'2017-09-07 20:53:38','2017-09-07 20:53:38'),(182,1,2,17.80,'2017-09-07 20:53:38','2017-09-07 20:53:38'),(183,1,3,26.60,'2017-09-07 20:53:38','2017-09-07 20:53:38'),(184,2,1,21.40,'2017-09-07 20:53:38','2017-09-07 20:53:38'),(185,2,2,28.90,'2017-09-07 20:53:38','2017-09-07 20:53:38'),(186,2,3,32.40,'2017-09-07 20:53:38','2017-09-07 20:53:38'),(187,1,1,25.80,'2017-09-07 20:53:40','2017-09-07 20:53:40'),(188,1,2,18.70,'2017-09-07 20:53:40','2017-09-07 20:53:40'),(189,1,3,18.20,'2017-09-07 20:53:40','2017-09-07 20:53:40'),(190,2,1,27.70,'2017-09-07 20:53:40','2017-09-07 20:53:40'),(191,2,2,32.60,'2017-09-07 20:53:40','2017-09-07 20:53:40'),(192,2,3,20.40,'2017-09-07 20:53:40','2017-09-07 20:53:40'),(193,1,1,29.80,'2017-09-07 20:53:45','2017-09-07 20:53:45'),(194,1,2,30.80,'2017-09-07 20:53:45','2017-09-07 20:53:45'),(195,1,3,22.00,'2017-09-07 20:53:45','2017-09-07 20:53:45'),(196,2,1,23.20,'2017-09-07 20:53:46','2017-09-07 20:53:46'),(197,2,2,31.30,'2017-09-07 20:53:46','2017-09-07 20:53:46'),(198,2,3,26.90,'2017-09-07 20:53:46','2017-09-07 20:53:46'),(199,1,1,27.10,'2017-09-07 20:53:47','2017-09-07 20:53:47'),(200,1,2,30.00,'2017-09-07 20:53:47','2017-09-07 20:53:47'),(201,1,3,32.90,'2017-09-07 20:53:47','2017-09-07 20:53:47'),(202,2,1,23.90,'2017-09-07 20:53:47','2017-09-07 20:53:47'),(203,2,2,21.60,'2017-09-07 20:53:47','2017-09-07 20:53:47'),(204,2,3,27.80,'2017-09-07 20:53:47','2017-09-07 20:53:47'),(205,1,1,17.10,'2017-09-07 20:53:49','2017-09-07 20:53:49'),(206,1,2,29.90,'2017-09-07 20:53:49','2017-09-07 20:53:49'),(207,1,3,32.50,'2017-09-07 20:53:49','2017-09-07 20:53:49'),(208,2,1,16.80,'2017-09-07 20:53:49','2017-09-07 20:53:49'),(209,2,2,28.50,'2017-09-07 20:53:49','2017-09-07 20:53:49'),(210,2,3,26.20,'2017-09-07 20:53:49','2017-09-07 20:53:49'),(211,1,1,30.70,'2017-09-07 20:53:50','2017-09-07 20:53:50'),(212,1,2,18.60,'2017-09-07 20:53:50','2017-09-07 20:53:50'),(213,1,3,32.80,'2017-09-07 20:53:50','2017-09-07 20:53:50'),(214,2,1,32.00,'2017-09-07 20:53:50','2017-09-07 20:53:50'),(215,2,2,21.30,'2017-09-07 20:53:50','2017-09-07 20:53:50'),(216,2,3,22.30,'2017-09-07 20:53:50','2017-09-07 20:53:50'),(217,1,1,25.40,'2017-09-07 20:53:51','2017-09-07 20:53:51'),(218,1,2,24.10,'2017-09-07 20:53:51','2017-09-07 20:53:51'),(219,1,3,29.40,'2017-09-07 20:53:51','2017-09-07 20:53:51'),(220,2,1,28.60,'2017-09-07 20:53:51','2017-09-07 20:53:51'),(221,2,2,20.90,'2017-09-07 20:53:51','2017-09-07 20:53:51'),(222,2,3,24.90,'2017-09-07 20:53:51','2017-09-07 20:53:51'),(223,1,1,28.40,'2017-09-07 20:53:52','2017-09-07 20:53:52'),(224,1,2,21.40,'2017-09-07 20:53:52','2017-09-07 20:53:52'),(225,1,3,28.20,'2017-09-07 20:53:52','2017-09-07 20:53:52'),(226,2,1,16.70,'2017-09-07 20:53:52','2017-09-07 20:53:52'),(227,2,2,29.90,'2017-09-07 20:53:52','2017-09-07 20:53:52'),(228,2,3,25.10,'2017-09-07 20:53:52','2017-09-07 20:53:52'),(229,1,1,32.60,'2017-09-07 20:53:53','2017-09-07 20:53:53'),(230,1,2,17.00,'2017-09-07 20:53:53','2017-09-07 20:53:53'),(231,1,3,30.90,'2017-09-07 20:53:53','2017-09-07 20:53:53'),(232,2,1,23.50,'2017-09-07 20:53:54','2017-09-07 20:53:54'),(233,2,2,33.00,'2017-09-07 20:53:54','2017-09-07 20:53:54'),(234,2,3,29.40,'2017-09-07 20:53:54','2017-09-07 20:53:54'),(235,1,1,23.30,'2017-09-07 20:53:55','2017-09-07 20:53:55'),(236,1,2,29.80,'2017-09-07 20:53:55','2017-09-07 20:53:55'),(237,1,3,30.90,'2017-09-07 20:53:55','2017-09-07 20:53:55'),(238,2,1,23.00,'2017-09-07 20:53:55','2017-09-07 20:53:55'),(239,2,2,23.20,'2017-09-07 20:53:55','2017-09-07 20:53:55'),(240,2,3,16.00,'2017-09-07 20:53:55','2017-09-07 20:53:55'),(241,1,1,16.10,'2017-09-07 20:53:56','2017-09-07 20:53:56'),(242,1,2,26.40,'2017-09-07 20:53:56','2017-09-07 20:53:56'),(243,1,3,23.60,'2017-09-07 20:53:56','2017-09-07 20:53:56'),(244,2,1,29.80,'2017-09-07 20:53:56','2017-09-07 20:53:56'),(245,2,2,30.70,'2017-09-07 20:53:56','2017-09-07 20:53:56'),(246,2,3,27.00,'2017-09-07 20:53:56','2017-09-07 20:53:56'),(247,1,1,17.80,'2017-09-07 20:53:57','2017-09-07 20:53:57'),(248,1,2,21.60,'2017-09-07 20:53:57','2017-09-07 20:53:57'),(249,1,3,31.60,'2017-09-07 20:53:57','2017-09-07 20:53:57'),(250,2,1,17.90,'2017-09-07 20:53:57','2017-09-07 20:53:57'),(251,2,2,22.70,'2017-09-07 20:53:57','2017-09-07 20:53:57'),(252,2,3,29.80,'2017-09-07 20:53:57','2017-09-07 20:53:57');
/*!40000 ALTER TABLE `logs` ENABLE KEYS */;
UNLOCK TABLES;

--
-- Table structure for table `migrations`
--

DROP TABLE IF EXISTS `migrations`;
/*!40101 SET @saved_cs_client     = @@character_set_client */;
/*!40101 SET character_set_client = utf8 */;
CREATE TABLE `migrations` (
  `id` int(10) unsigned NOT NULL AUTO_INCREMENT,
  `migration` varchar(255) COLLATE utf8mb4_unicode_ci NOT NULL,
  `batch` int(11) NOT NULL,
  PRIMARY KEY (`id`)
) ENGINE=InnoDB AUTO_INCREMENT=10 DEFAULT CHARSET=utf8mb4 COLLATE=utf8mb4_unicode_ci;
/*!40101 SET character_set_client = @saved_cs_client */;

--
-- Dumping data for table `migrations`
--

LOCK TABLES `migrations` WRITE;
/*!40000 ALTER TABLE `migrations` DISABLE KEYS */;
INSERT INTO `migrations` VALUES (1,'2014_10_12_000000_create_users_table',1),(2,'2014_10_12_100000_create_password_resets_table',1),(4,'2017_09_08_015909_create_params_table',2),(5,'2017_09_08_021008_create_sensors_table',3),(6,'2017_09_08_021621_create_sensor_params_table',4),(7,'2017_09_08_032140_create_logs_table',5),(9,'2017_09_11_103127_add_unit_on_params',6);
/*!40000 ALTER TABLE `migrations` ENABLE KEYS */;
UNLOCK TABLES;

--
-- Table structure for table `params`
--

DROP TABLE IF EXISTS `params`;
/*!40101 SET @saved_cs_client     = @@character_set_client */;
/*!40101 SET character_set_client = utf8 */;
CREATE TABLE `params` (
  `id` int(10) unsigned NOT NULL AUTO_INCREMENT,
  `name` varchar(30) COLLATE utf8mb4_unicode_ci NOT NULL,
  `description` varchar(255) COLLATE utf8mb4_unicode_ci NOT NULL,
  `created_at` timestamp NULL DEFAULT NULL,
  `updated_at` timestamp NULL DEFAULT NULL,
  `unit` varchar(10) COLLATE utf8mb4_unicode_ci NOT NULL,
  `min_value` decimal(8,2) NOT NULL,
  `max_value` decimal(8,2) NOT NULL,
  `lo_value` decimal(8,2) NOT NULL,
  `hi_value` decimal(8,2) NOT NULL,
  `gauge_start` decimal(8,2) NOT NULL,
  `gauge_end` decimal(8,2) NOT NULL,
  PRIMARY KEY (`id`)
) ENGINE=InnoDB AUTO_INCREMENT=4 DEFAULT CHARSET=utf8mb4 COLLATE=utf8mb4_unicode_ci;
/*!40101 SET character_set_client = @saved_cs_client */;

--
-- Dumping data for table `params`
--

LOCK TABLES `params` WRITE;
/*!40000 ALTER TABLE `params` DISABLE KEYS */;
INSERT INTO `params` VALUES (1,'Suhu','Suhu (C) dalam rak','2017-09-07 19:06:57','2017-09-07 19:06:57','C',16.00,24.00,18.00,22.00,0.00,40.00),(2,'Kelembaban','Kelembaban (%) dalam rak','2017-09-07 19:06:57','2017-09-07 19:06:57','%',30.00,60.00,40.00,50.00,0.00,100.00),(3,'Gas','Kadar gas (%) dalam rak','2017-09-07 19:06:57','2017-09-07 19:06:57','%',30.00,60.00,40.00,50.00,0.00,100.00);
/*!40000 ALTER TABLE `params` ENABLE KEYS */;
UNLOCK TABLES;

--
-- Table structure for table `password_resets`
--

DROP TABLE IF EXISTS `password_resets`;
/*!40101 SET @saved_cs_client     = @@character_set_client */;
/*!40101 SET character_set_client = utf8 */;
CREATE TABLE `password_resets` (
  `email` varchar(255) COLLATE utf8mb4_unicode_ci NOT NULL,
  `token` varchar(255) COLLATE utf8mb4_unicode_ci NOT NULL,
  `created_at` timestamp NULL DEFAULT NULL,
  KEY `password_resets_email_index` (`email`)
) ENGINE=InnoDB DEFAULT CHARSET=utf8mb4 COLLATE=utf8mb4_unicode_ci;
/*!40101 SET character_set_client = @saved_cs_client */;

--
-- Dumping data for table `password_resets`
--

LOCK TABLES `password_resets` WRITE;
/*!40000 ALTER TABLE `password_resets` DISABLE KEYS */;
/*!40000 ALTER TABLE `password_resets` ENABLE KEYS */;
UNLOCK TABLES;

--
-- Table structure for table `sensor_params`
--

DROP TABLE IF EXISTS `sensor_params`;
/*!40101 SET @saved_cs_client     = @@character_set_client */;
/*!40101 SET character_set_client = utf8 */;
CREATE TABLE `sensor_params` (
  `id` int(10) unsigned NOT NULL AUTO_INCREMENT,
  `param_id` int(11) NOT NULL,
  `sensor_id` int(11) NOT NULL,
  PRIMARY KEY (`id`)
) ENGINE=InnoDB AUTO_INCREMENT=7 DEFAULT CHARSET=utf8mb4 COLLATE=utf8mb4_unicode_ci;
/*!40101 SET character_set_client = @saved_cs_client */;

--
-- Dumping data for table `sensor_params`
--

LOCK TABLES `sensor_params` WRITE;
/*!40000 ALTER TABLE `sensor_params` DISABLE KEYS */;
INSERT INTO `sensor_params` VALUES (1,1,1),(2,1,2),(3,2,1),(4,2,2),(5,3,1),(6,3,2);
/*!40000 ALTER TABLE `sensor_params` ENABLE KEYS */;
UNLOCK TABLES;

--
-- Table structure for table `sensors`
--

DROP TABLE IF EXISTS `sensors`;
/*!40101 SET @saved_cs_client     = @@character_set_client */;
/*!40101 SET character_set_client = utf8 */;
CREATE TABLE `sensors` (
  `id` int(10) unsigned NOT NULL AUTO_INCREMENT,
  `interface` varchar(20) COLLATE utf8mb4_unicode_ci NOT NULL,
  `code` varchar(10) COLLATE utf8mb4_unicode_ci NOT NULL,
  `position` varchar(20) COLLATE utf8mb4_unicode_ci NOT NULL,
  `created_at` timestamp NULL DEFAULT NULL,
  `updated_at` timestamp NULL DEFAULT NULL,
  PRIMARY KEY (`id`)
) ENGINE=InnoDB AUTO_INCREMENT=3 DEFAULT CHARSET=utf8mb4 COLLATE=utf8mb4_unicode_ci;
/*!40101 SET character_set_client = @saved_cs_client */;

--
-- Dumping data for table `sensors`
--

LOCK TABLES `sensors` WRITE;
/*!40000 ALTER TABLE `sensors` DISABLE KEYS */;
INSERT INTO `sensors` VALUES (1,'/dev/tty/USB0','DC01-01','Depan','2017-09-07 19:15:18','2017-09-07 19:15:18'),(2,'/dev/tty/USB1','DC01-02','Belakang','2017-09-07 19:15:18','2017-09-07 19:15:18');
/*!40000 ALTER TABLE `sensors` ENABLE KEYS */;
UNLOCK TABLES;

--
-- Table structure for table `users`
--

DROP TABLE IF EXISTS `users`;
/*!40101 SET @saved_cs_client     = @@character_set_client */;
/*!40101 SET character_set_client = utf8 */;
CREATE TABLE `users` (
  `id` int(10) unsigned NOT NULL AUTO_INCREMENT,
  `name` varchar(255) COLLATE utf8mb4_unicode_ci NOT NULL,
  `email` varchar(255) COLLATE utf8mb4_unicode_ci NOT NULL,
  `password` varchar(255) COLLATE utf8mb4_unicode_ci NOT NULL,
  `remember_token` varchar(100) COLLATE utf8mb4_unicode_ci DEFAULT NULL,
  `created_at` timestamp NULL DEFAULT NULL,
  `updated_at` timestamp NULL DEFAULT NULL,
  PRIMARY KEY (`id`),
  UNIQUE KEY `users_email_unique` (`email`)
) ENGINE=InnoDB DEFAULT CHARSET=utf8mb4 COLLATE=utf8mb4_unicode_ci;
/*!40101 SET character_set_client = @saved_cs_client */;

--
-- Dumping data for table `users`
--

LOCK TABLES `users` WRITE;
/*!40000 ALTER TABLE `users` DISABLE KEYS */;
/*!40000 ALTER TABLE `users` ENABLE KEYS */;
UNLOCK TABLES;
/*!40103 SET TIME_ZONE=@OLD_TIME_ZONE */;

/*!40101 SET SQL_MODE=@OLD_SQL_MODE */;
/*!40014 SET FOREIGN_KEY_CHECKS=@OLD_FOREIGN_KEY_CHECKS */;
/*!40014 SET UNIQUE_CHECKS=@OLD_UNIQUE_CHECKS */;
/*!40101 SET CHARACTER_SET_CLIENT=@OLD_CHARACTER_SET_CLIENT */;
/*!40101 SET CHARACTER_SET_RESULTS=@OLD_CHARACTER_SET_RESULTS */;
/*!40101 SET COLLATION_CONNECTION=@OLD_COLLATION_CONNECTION */;
/*!40111 SET SQL_NOTES=@OLD_SQL_NOTES */;

-- Dump completed on 2017-09-15  0:05:09
